standardDeviation,noOfPeaks,EvolutionDelay,NumberOfEvals,Emigrations,EvaluatorsCount,ReproducersCount,IslandsCount,BestSol
47.388335283987914,1,1860.888888888889,5000.0,46.666666666666664,10.0,10.0,2.0,394.44444444444446
28.323527714997336,1,1734.6666666666667,5000.0,5.333333333333333,10.0,1.0,2.0,395.0
41.66533331199931,1,1777.3333333333333,5000.0,10.555555555555555,10.0,2.0,2.0,396.3333333333333
46.1481778728874,1,1770.111111111111,5000.0,13.444444444444445,10.0,3.0,2.0,394.22222222222223
40.661505440543614,1,1811.5555555555557,5000.0,20.333333333333332,10.0,4.0,2.0,395.6666666666667
54.84073461250776,1,1803.2222222222222,5000.0,23.444444444444443,10.0,5.0,2.0,395.0
50.387388192769905,1,1799.6666666666667,5000.0,29.0,10.0,6.0,2.0,393.44444444444446
30.232841271670523,1,1840.4444444444443,5000.0,32.55555555555556,10.0,7.0,2.0,394.22222222222223
43.40364665796961,1,1877.111111111111,5000.0,36.0,10.0,8.0,2.0,394.55555555555554
54.50404900578205,1,1845.5555555555557,5000.0,41.0,10.0,9.0,2.0,394.8888888888889
61.29064537004438,1,1878.888888888889,5000.0,40.55555555555556,11.0,10.0,2.0,394.1111111111111
41.35334043861631,1,1768.888888888889,5000.0,4.555555555555555,11.0,1.0,2.0,396.0
60.20602488205617,1,2238.1111111111113,5000.0,8.0,11.0,2.0,2.0,393.8888888888889
64.09907454889417,1,1776.5555555555557,5000.0,15.222222222222221,11.0,3.0,2.0,396.3333333333333
46.24758919309027,1,1791.2222222222222,5000.0,16.666666666666668,11.0,4.0,2.0,394.3333333333333
55.08063673569757,1,1795.111111111111,5000.0,19.88888888888889,11.0,5.0,2.0,395.22222222222223
69.3523611710517,2,1850.5,5000.0,24.25,11.0,6.0,2.0,394.5
84.74306906822552,3,2034.4285714285713,5000.0,29.142857142857142,11.0,7.0,2.0,395.57142857142856
82.88449794744491,5,2064.6,5000.0,32.2,11.0,8.0,2.0,393.4
90.595287807035,1,1935.7777777777778,5000.0,40.22222222222222,11.0,9.0,2.0,394.8888888888889
48.86666161386463,1,1839.7777777777778,5000.0,33.77777777777778,12.0,10.0,2.0,396.1111111111111
29.32112540578428,1,1754.7777777777778,5000.0,4.0,12.0,1.0,2.0,394.1111111111111
38.154656043237736,1,1752.3333333333333,5000.0,6.555555555555555,12.0,2.0,2.0,394.6666666666667
27.35771270491092,1,1764.6666666666667,5000.0,10.555555555555555,12.0,3.0,2.0,394.77777777777777
54.92216714992631,1,1779.6666666666667,5000.0,14.222222222222221,12.0,4.0,2.0,396.77777777777777
33.85262175962151,1,1787.6666666666667,5000.0,18.11111111111111,12.0,5.0,2.0,394.8888888888889
59.28274997370183,1,1810.0,5000.0,21.77777777777778,12.0,6.0,2.0,394.22222222222223
42.62497963505542,1,1808.0,5000.0,26.11111111111111,12.0,7.0,2.0,394.44444444444446
38.64079594303294,1,1824.3333333333333,5000.0,29.0,12.0,8.0,2.0,395.6666666666667
50.95749863039459,1,1820.6666666666667,5000.0,28.22222222222222,12.0,9.0,2.0,395.1111111111111
53.88877434122992,1,1845.6666666666667,5000.0,28.88888888888889,13.0,10.0,2.0,394.77777777777777
21.89875694087579,1,1772.0,5000.0,3.3333333333333335,13.0,1.0,2.0,395.22222222222223
57.10700374335192,1,1791.888888888889,5000.0,7.0,13.0,2.0,2.0,394.1111111111111
55.72950545068364,1,1800.0,5000.0,8.444444444444445,13.0,3.0,2.0,395.6666666666667
37.11543554312081,1,1793.6666666666667,5000.0,12.0,13.0,4.0,2.0,394.0
34.39961240091716,1,1791.6666666666667,5000.0,15.0,13.0,5.0,2.0,394.6666666666667
46.52305946225372,1,1809.2222222222222,5000.0,20.11111111111111,13.0,6.0,2.0,394.77777777777777
44.50717794793205,1,1816.0,5000.0,21.555555555555557,13.0,7.0,2.0,395.1111111111111
46.88704577736153,1,1811.2222222222222,5000.0,23.88888888888889,13.0,8.0,2.0,393.8888888888889
48.33473816604624,1,1843.4444444444443,5000.0,28.11111111111111,13.0,9.0,2.0,395.44444444444446
58.52339407724904,1,1867.888888888889,5000.0,29.0,14.0,10.0,2.0,393.8888888888889
35.46342229660942,1,2261.1111111111113,5000.0,2.5555555555555554,14.0,1.0,2.0,394.77777777777777
36.314810093111674,1,1798.888888888889,5000.0,6.222222222222222,14.0,2.0,2.0,394.44444444444446
18.342421989596804,1,1792.3333333333333,5000.0,8.11111111111111,14.0,3.0,2.0,393.77777777777777
38.14300576631172,1,1820.0,5000.0,10.666666666666666,14.0,4.0,2.0,395.0
27.252364264861342,1,1820.5555555555557,5000.0,13.333333333333334,14.0,5.0,2.0,393.6666666666667
51.549329125928814,1,1844.3333333333333,5000.0,17.11111111111111,14.0,6.0,2.0,395.0
49.58519293120368,1,1846.5555555555557,5000.0,18.22222222222222,14.0,7.0,2.0,394.55555555555554
46.382734122638325,1,1830.4444444444443,5000.0,22.0,14.0,8.0,2.0,394.8888888888889
38.81580434135903,1,1851.3333333333333,5000.0,24.555555555555557,14.0,9.0,2.0,395.0
54.86774221528045,1,1884.5555555555557,5000.0,19.22222222222222,15.0,10.0,2.0,393.77777777777777
26.509723350098646,1,2307.8888888888887,5000.0,2.6666666666666665,15.0,1.0,2.0,394.55555555555554
31.37861188693052,1,2324.777777777778,5000.0,5.444444444444445,15.0,2.0,2.0,396.0
36.88721549082645,1,1828.6666666666667,5000.0,8.777777777777779,15.0,3.0,2.0,394.77777777777777
34.60152173131189,3,1825.142857142857,5000.0,8.714285714285714,15.0,4.0,2.0,395.85714285714283
28.203405800814767,1,1828.111111111111,5000.0,12.0,15.0,5.0,2.0,395.22222222222223
67.15395983103048,1,1856.111111111111,5000.0,14.11111111111111,15.0,6.0,2.0,394.55555555555554
70.06998265402812,1,1857.5555555555557,5000.0,16.666666666666668,15.0,7.0,2.0,394.8888888888889
39.29125181431361,1,1867.4444444444443,5000.0,19.444444444444443,15.0,8.0,2.0,393.8888888888889
42.533937067583295,1,1843.5555555555557,5000.0,19.444444444444443,15.0,9.0,2.0,394.22222222222223
47.043190032087125,1,1897.7777777777778,5000.0,21.444444444444443,16.0,10.0,2.0,395.6666666666667
34.68624803101564,1,2338.4444444444443,5000.0,1.4444444444444444,16.0,1.0,2.0,394.44444444444446
33.796047690612774,1,1825.7777777777778,5000.0,4.555555555555555,16.0,2.0,2.0,394.8888888888889
23.678400846904054,1,1846.3333333333333,5000.0,6.222222222222222,16.0,3.0,2.0,396.0
26.863624494614537,1,1851.111111111111,5000.0,7.777777777777778,16.0,4.0,2.0,395.8888888888889
47.72141378179542,1,1865.6666666666667,5000.0,11.777777777777779,16.0,5.0,2.0,395.0
58.99529171420754,1,1897.0,5000.0,11.777777777777779,16.0,6.0,2.0,394.44444444444446
37.92031931938273,1,1879.2222222222222,5000.0,14.666666666666666,16.0,7.0,2.0,394.1111111111111
39.282452967083294,1,1871.6666666666667,5000.0,17.11111111111111,16.0,8.0,2.0,395.22222222222223
47.54672815267829,1,1883.4444444444443,5000.0,18.444444444444443,16.0,9.0,2.0,394.6666666666667
51.68589845175793,1,1906.888888888889,5000.0,19.88888888888889,17.0,10.0,2.0,393.6666666666667
35.08085897846099,1,1842.3333333333333,5000.0,2.4444444444444446,17.0,1.0,2.0,395.0
17.932658668295122,1,1854.5555555555557,5000.0,4.666666666666667,17.0,2.0,2.0,394.8888888888889
40.360719199749,1,1868.888888888889,5000.0,6.888888888888889,17.0,3.0,2.0,393.8888888888889
30.63202552320563,1,2380.1111111111113,5000.0,8.444444444444445,17.0,4.0,2.0,394.8888888888889
24.968622284087523,1,1873.111111111111,5000.0,10.333333333333334,17.0,5.0,2.0,395.77777777777777
48.69354914560102,1,1877.7777777777778,5000.0,13.88888888888889,17.0,6.0,2.0,394.44444444444446
40.13987888052491,1,1886.111111111111,5000.0,13.222222222222221,17.0,7.0,2.0,394.3333333333333
31.037611591959415,1,1899.0,5000.0,16.0,17.0,8.0,2.0,394.1111111111111
56.7446087067657,1,1903.7777777777778,5000.0,18.555555555555557,17.0,9.0,2.0,393.44444444444446
50.48089725484602,1,1939.111111111111,5000.0,17.555555555555557,18.0,10.0,2.0,393.3333333333333
26.088642815420993,1,1865.7777777777778,5000.0,1.7777777777777777,18.0,1.0,2.0,394.6666666666667
30.62718876028332,1,1881.5555555555557,5000.0,3.4444444444444446,18.0,2.0,2.0,395.6666666666667
36.49488379499073,1,1886.111111111111,5000.0,4.555555555555555,18.0,3.0,2.0,393.6666666666667
34.13300057708173,1,1902.7777777777778,5000.0,7.0,18.0,4.0,2.0,393.1111111111111
27.263234412249837,1,1893.2222222222222,5000.0,9.333333333333334,18.0,5.0,2.0,394.1111111111111
33.928028399998595,1,1920.6666666666667,5000.0,10.666666666666666,18.0,6.0,2.0,393.44444444444446
47.412913589021294,2,1915.625,5000.0,12.75,18.0,7.0,2.0,394.5
39.99567877893378,1,1934.111111111111,5000.0,15.666666666666666,18.0,8.0,2.0,395.1111111111111
43.28458796795409,1,1929.3333333333333,5000.0,13.222222222222221,18.0,9.0,2.0,395.44444444444446
46.13747572924495,1,1957.6666666666667,5000.0,12.777777777777779,19.0,10.0,2.0,393.1111111111111
28.075735316822012,1,1883.4444444444443,5000.0,1.3333333333333333,19.0,1.0,2.0,394.44444444444446
31.012542265634682,1,1908.6666666666667,5000.0,2.6666666666666665,19.0,2.0,2.0,393.44444444444446
58.044044579190995,1,2440.0,5000.0,5.555555555555555,19.0,3.0,2.0,393.3333333333333
24.680176480550358,1,1913.0,5000.0,6.444444444444445,19.0,4.0,2.0,392.44444444444446
30.276503540974915,1,1915.6666666666667,5000.0,7.666666666666667,19.0,5.0,2.0,394.1111111111111
31.24613556352723,1,1935.888888888889,5000.0,9.222222222222221,19.0,6.0,2.0,395.77777777777777
43.04003304418393,1,1938.0,5000.0,10.777777777777779,19.0,7.0,2.0,393.22222222222223
56.12244110034531,1,1955.2222222222222,5000.0,11.0,19.0,8.0,2.0,393.8888888888889
38.979893519164875,1,1939.111111111111,5000.0,13.333333333333334,19.0,9.0,2.0,393.22222222222223
357.0937109042204,3,7166.714285714285,5000.0,2626.4285714285716,1.0,10.0,2.0,393.85714285714283
179.2594139787364,2,3990.75,5000.0,830.125,1.0,1.0,2.0,392.75
192.79911825524513,2,4866.5,5000.0,1557.5,1.0,2.0,2.0,392.125
192.6112953881758,1,5617.666666666667,5000.0,2004.3333333333333,1.0,3.0,2.0,393.8888888888889
221.70701387191158,1,5991.666666666667,5000.0,2274.6666666666665,1.0,4.0,2.0,396.55555555555554
267.7493760871568,1,6181.777777777777,5000.0,2419.5555555555557,1.0,5.0,2.0,396.6666666666667
209.05525290083503,1,6230.111111111111,5000.0,2470.777777777778,1.0,6.0,2.0,397.55555555555554
307.34779430909646,1,6306.666666666667,5000.0,2490.3333333333335,1.0,7.0,2.0,395.1111111111111
204.54874113521208,2,6259.75,5000.0,2474.25,1.0,8.0,2.0,394.625
291.20509638958123,3,6279.142857142857,5000.0,2502.285714285714,1.0,9.0,2.0,397.14285714285717
69.13879402698728,1,1975.7777777777778,5000.0,12.222222222222221,20.0,10.0,2.0,395.6666666666667
21.585889309545497,1,1920.7777777777778,5000.0,1.0,20.0,1.0,2.0,393.77777777777777
50.30818601626293,1,1931.5555555555557,5000.0,3.3333333333333335,20.0,2.0,2.0,394.8888888888889
35.44043864511308,1,2504.4444444444443,5000.0,4.111111111111111,20.0,3.0,2.0,393.3333333333333
32.434930111810395,1,1937.4444444444443,5000.0,5.555555555555555,20.0,4.0,2.0,395.55555555555554
30.91565586847185,1,1965.6666666666667,5000.0,5.777777777777778,20.0,5.0,2.0,394.22222222222223
27.924501388167666,1,1959.6666666666667,5000.0,7.111111111111111,20.0,6.0,2.0,393.77777777777777
44.82173194245162,1,1952.111111111111,5000.0,7.888888888888889,20.0,7.0,2.0,394.1111111111111
46.399233710147506,1,1962.6666666666667,5000.0,9.555555555555555,20.0,8.0,2.0,394.22222222222223
35.72425257751689,1,1963.6666666666667,5000.0,11.444444444444445,20.0,9.0,2.0,393.44444444444446
52.207368972205444,2,1993.875,5000.0,11.0,21.0,10.0,2.0,394.625
11.022703842524301,2,1923.5,5000.0,1.75,21.0,1.0,2.0,394.875
47.803868844929376,1,1962.888888888889,5000.0,3.2222222222222223,21.0,2.0,2.0,394.22222222222223
28.717439962933526,1,1949.4444444444443,5000.0,4.111111111111111,21.0,3.0,2.0,393.3333333333333
31.833284855499254,1,2503.4444444444443,5000.0,5.777777777777778,21.0,4.0,2.0,395.55555555555554
27.422618401604176,1,1967.0,5000.0,6.666666666666667,21.0,5.0,2.0,393.1111111111111
37.555226823018856,1,1968.7777777777778,5000.0,6.444444444444445,21.0,6.0,2.0,394.0
38.05681263130585,1,1988.111111111111,5000.0,7.0,21.0,7.0,2.0,395.1111111111111
30.09245014211298,1,1966.3333333333333,5000.0,9.222222222222221,21.0,8.0,2.0,394.1111111111111
42.58789023961774,1,1980.7777777777778,5000.0,9.0,21.0,9.0,2.0,393.44444444444446
33.69141004931541,1,2019.3333333333333,5000.0,11.444444444444445,22.0,10.0,2.0,396.44444444444446
18.495912127605354,1,2542.1111111111113,5000.0,1.5555555555555556,22.0,1.0,2.0,393.77777777777777
34.54144048981037,1,1993.6666666666667,5000.0,2.0,22.0,2.0,2.0,393.6666666666667
38.56339977840564,1,1996.5555555555557,5000.0,3.0,22.0,3.0,2.0,395.44444444444446
25.245950659291047,1,1980.4444444444443,5000.0,6.0,22.0,4.0,2.0,395.55555555555554
37.747046323823,1,1987.2222222222222,5000.0,7.0,22.0,5.0,2.0,395.1111111111111
40.84931659975068,1,2004.6666666666667,5000.0,8.11111111111111,22.0,6.0,2.0,393.22222222222223
40.36622472767836,1,2008.888888888889,5000.0,6.333333333333333,22.0,7.0,2.0,395.1111111111111
19.967257148258778,1,2012.4444444444443,5000.0,9.11111111111111,22.0,8.0,2.0,393.44444444444446
50.09423219059687,1,2026.111111111111,5000.0,11.555555555555555,22.0,9.0,2.0,395.3333333333333
39.6235370879232,1,2052.4444444444443,5000.0,11.333333333333334,23.0,10.0,2.0,394.22222222222223
29.295430056959777,1,2561.6666666666665,5000.0,1.2222222222222223,23.0,1.0,2.0,394.55555555555554
38.30997678135102,1,2010.111111111111,5000.0,2.3333333333333335,23.0,2.0,2.0,394.55555555555554
25.104227178350307,1,2002.6666666666667,5000.0,4.555555555555555,23.0,3.0,2.0,394.1111111111111
46.222756407169655,1,2026.888888888889,5000.0,4.333333333333333,23.0,4.0,2.0,395.22222222222223
53.60970061472084,1,2032.3333333333333,5000.0,5.888888888888889,23.0,5.0,2.0,396.77777777777777
38.25773543987744,1,2045.111111111111,5000.0,7.0,23.0,6.0,2.0,394.44444444444446
52.06714563254825,1,2029.888888888889,5000.0,8.666666666666666,23.0,7.0,2.0,394.0
34.81520882361757,1,2034.111111111111,5000.0,8.444444444444445,23.0,8.0,2.0,395.0
40.41574073013424,1,2050.1111111111113,5000.0,9.444444444444445,23.0,9.0,2.0,394.3333333333333
44.8652302890433,1,2067.0,5000.0,11.777777777777779,24.0,10.0,2.0,394.44444444444446
23.75388207388946,1,2605.5555555555557,5000.0,0.7777777777777778,24.0,1.0,2.0,395.1111111111111
30.955563531944414,1,2030.5555555555557,5000.0,2.3333333333333335,24.0,2.0,2.0,394.6666666666667
39.21734310225516,1,2027.3333333333333,5000.0,3.0,24.0,3.0,2.0,396.1111111111111
37.10978041526433,1,2026.5555555555557,5000.0,5.333333333333333,24.0,4.0,2.0,394.55555555555554
39.575525545748874,1,2055.3333333333335,5000.0,5.888888888888889,24.0,5.0,2.0,395.44444444444446
39.38258059499133,1,2054.1111111111113,5000.0,5.888888888888889,24.0,6.0,2.0,395.44444444444446
24.644634805396446,1,2033.5555555555557,5000.0,8.11111111111111,24.0,7.0,2.0,394.22222222222223
32.94027517181758,1,2054.777777777778,5000.0,9.0,24.0,8.0,2.0,395.1111111111111
28.863634126699985,2,2048.125,5000.0,11.25,24.0,9.0,2.0,394.5
33.11260250183371,1,2084.0,5000.0,10.0,25.0,10.0,2.0,395.0
31.25166662222459,1,2627.0,5000.0,1.4444444444444444,25.0,1.0,2.0,394.6666666666667
35.61834733205159,1,2071.0,5000.0,1.7777777777777777,25.0,2.0,2.0,394.8888888888889
27.05139142036464,1,2063.3333333333335,5000.0,3.2222222222222223,25.0,3.0,2.0,394.0
28.04141557864583,1,2055.8888888888887,5000.0,4.333333333333333,25.0,4.0,2.0,394.0
53.87659510399669,2,2092.75,5000.0,5.875,25.0,5.0,2.0,394.875
35.43207725727398,1,2092.1111111111113,5000.0,5.555555555555555,25.0,6.0,2.0,394.8888888888889
25.482019804821856,1,2066.0,5000.0,5.333333333333333,25.0,7.0,2.0,393.6666666666667
41.38020043033046,1,2070.8888888888887,5000.0,7.222222222222222,25.0,8.0,2.0,392.8888888888889
34.8821649571635,1,2080.1111111111113,5000.0,8.11111111111111,25.0,9.0,2.0,396.3333333333333
39.25447210505975,1,2108.4444444444443,5000.0,7.333333333333333,26.0,10.0,2.0,394.44444444444446
36.733272837215765,1,2083.0,5000.0,0.8888888888888888,26.0,1.0,2.0,394.0
26.208565181804385,1,2094.3333333333335,5000.0,2.5555555555555554,26.0,2.0,2.0,394.1111111111111
37.9466812420263,1,2087.222222222222,5000.0,2.5555555555555554,26.0,3.0,2.0,393.44444444444446
32.4585205386129,1,2083.0,5000.0,2.6666666666666665,26.0,4.0,2.0,395.55555555555554
53.105764491458196,1,2085.0,5000.0,5.666666666666667,26.0,5.0,2.0,394.44444444444446
19.16465367851149,1,2089.777777777778,5000.0,5.0,26.0,6.0,2.0,395.0
34.65099360804379,1,2116.5555555555557,5000.0,6.666666666666667,26.0,7.0,2.0,396.55555555555554
25.643327532002946,1,2105.4444444444443,5000.0,6.888888888888889,26.0,8.0,2.0,393.1111111111111
32.47373107415505,1,2106.8888888888887,5000.0,5.0,26.0,9.0,2.0,393.77777777777777
36.89156616790601,1,2133.8888888888887,5000.0,6.222222222222222,27.0,10.0,2.0,394.55555555555554
40.371729504814084,1,2091.8888888888887,5000.0,0.3333333333333333,27.0,1.0,2.0,394.77777777777777
61.83570425723034,1,2112.8888888888887,5000.0,1.6666666666666667,27.0,2.0,2.0,393.77777777777777
40.68153947825706,1,2709.8888888888887,5000.0,1.7777777777777777,27.0,3.0,2.0,393.22222222222223
39.26956538379434,1,2104.1111111111113,5000.0,2.7777777777777777,27.0,4.0,2.0,394.3333333333333
36.17379175420436,1,2113.8888888888887,5000.0,3.888888888888889,27.0,5.0,2.0,392.44444444444446
36.325687268867405,1,2717.6666666666665,5000.0,3.2222222222222223,27.0,6.0,2.0,392.8888888888889
33.14614105241614,1,2116.3333333333335,5000.0,4.222222222222222,27.0,7.0,2.0,393.22222222222223
33.833287721188015,1,2726.5555555555557,5000.0,5.555555555555555,27.0,8.0,2.0,392.77777777777777
36.58306968604905,1,2144.1111111111113,5000.0,5.666666666666667,27.0,9.0,2.0,393.44444444444446
38.91300839336663,1,2167.3333333333335,5000.0,3.4444444444444446,28.0,10.0,2.0,394.8888888888889
34.78114999625125,1,2132.222222222222,5000.0,0.6666666666666666,28.0,1.0,2.0,393.6666666666667
44.15908390533056,1,2126.4444444444443,5000.0,1.5555555555555556,28.0,2.0,2.0,394.1111111111111
35.47908443151775,1,2143.8888888888887,5000.0,2.5555555555555554,28.0,3.0,2.0,396.0
44.94880489766547,1,2727.777777777778,5000.0,2.0,28.0,4.0,2.0,393.0
48.00951551772746,1,2138.4444444444443,5000.0,1.8888888888888888,28.0,5.0,2.0,395.44444444444446
49.042939109959654,1,2736.1111111111113,5000.0,2.7777777777777777,28.0,6.0,2.0,394.0
30.324174441451092,1,2744.0,5000.0,4.555555555555555,28.0,7.0,2.0,392.8888888888889
22.485111672250603,1,2154.5555555555557,5000.0,3.6666666666666665,28.0,8.0,2.0,394.1111111111111
36.72655042571844,1,2757.777777777778,5000.0,4.0,28.0,9.0,2.0,394.3333333333333
60.68721034946326,2,2789.25,5000.0,3.375,29.0,10.0,2.0,393.625
52.801047501767904,1,2163.777777777778,5000.0,0.1111111111111111,29.0,1.0,2.0,392.8888888888889
46.6359687392351,1,2144.5555555555557,5000.0,1.1111111111111112,29.0,2.0,2.0,393.6666666666667
38.28386502154209,1,2766.8888888888887,5000.0,1.4444444444444444,29.0,3.0,2.0,394.44444444444446
35.427895823335824,1,2154.4444444444443,5000.0,1.7777777777777777,29.0,4.0,2.0,394.0
66.91417019465688,1,2790.222222222222,5000.0,2.4444444444444446,29.0,5.0,2.0,394.55555555555554
33.66318280470832,1,2167.8888888888887,5000.0,4.111111111111111,29.0,6.0,2.0,393.77777777777777
73.78798456840155,1,2196.3333333333335,5000.0,3.111111111111111,29.0,7.0,2.0,394.6666666666667
33.136455624553825,1,2764.5555555555557,5000.0,2.3333333333333335,29.0,8.0,2.0,394.1111111111111
56.73351177236159,1,2190.5555555555557,5000.0,2.888888888888889,29.0,9.0,2.0,395.22222222222223
125.24179084011656,1,2740.777777777778,5000.0,371.8888888888889,2.0,1.0,2.0,394.0
114.74900144808814,1,2970.0,5000.0,559.3333333333334,2.0,2.0,2.0,397.6666666666667
153.09111303040712,1,3086.6666666666665,5000.0,630.7777777777778,2.0,3.0,2.0,398.0
147.88358785056425,1,3015.3333333333335,5000.0,629.1111111111111,2.0,4.0,2.0,396.55555555555554
131.6443018980397,1,3079.0,5000.0,690.3333333333334,2.0,5.0,2.0,396.22222222222223
105.84356085752218,2,3097.875,5000.0,711.0,2.0,6.0,2.0,396.5
150.90819709550996,1,3155.222222222222,5000.0,763.5555555555555,2.0,7.0,2.0,395.3333333333333
124.8487479974998,1,3235.1111111111113,5000.0,774.1111111111111,2.0,8.0,2.0,395.55555555555554
148.5664834341851,1,3296.3333333333335,5000.0,842.3333333333334,2.0,9.0,2.0,393.8888888888889
79.94859459538846,1,2330.0,5000.0,4.444444444444445,30.0,10.0,2.0,393.77777777777777
56.14157588819427,1,2192.1111111111113,5000.0,0.5555555555555556,30.0,1.0,2.0,393.6666666666667
41.58466003969834,1,2233.222222222222,5000.0,0.7777777777777778,30.0,2.0,2.0,393.6666666666667
68.00653563363515,1,2233.0,5000.0,0.8888888888888888,30.0,3.0,2.0,394.3333333333333
76.0625148995187,1,2238.777777777778,5000.0,1.6666666666666667,30.0,4.0,2.0,394.6666666666667
106.59789449661335,1,2279.6666666666665,5000.0,3.2222222222222223,30.0,5.0,2.0,393.8888888888889
99.26482847836643,1,2278.222222222222,5000.0,2.5555555555555554,30.0,6.0,2.0,393.3333333333333
56.663616475643046,1,2245.8888888888887,5000.0,2.5555555555555554,30.0,7.0,2.0,394.0
83.10526081422283,2,2307.375,5000.0,2.5,30.0,8.0,2.0,394.0
109.76012003736732,1,2280.777777777778,5000.0,3.4444444444444446,30.0,9.0,2.0,394.77777777777777
76.68904665298173,1,2289.1111111111113,5000.0,84.44444444444444,3.0,1.0,2.0,401.22222222222223
69.85717351394933,1,2389.5555555555557,5000.0,137.77777777777777,3.0,2.0,2.0,397.8888888888889
84.07771243555013,1,2162.222222222222,5000.0,174.88888888888889,3.0,3.0,2.0,397.1111111111111
99.52603729057755,1,2206.1111111111113,5000.0,218.77777777777777,3.0,4.0,2.0,397.22222222222223
102.74395839977318,1,2243.8888888888887,5000.0,232.44444444444446,3.0,5.0,2.0,394.8888888888889
109.4860150886861,2,2330.25,5000.0,282.75,3.0,6.0,2.0,396.875
115.58108692308178,1,2377.1111111111113,5000.0,312.44444444444446,3.0,7.0,2.0,396.77777777777777
111.25346436553485,1,2467.6666666666665,5000.0,317.44444444444446,3.0,8.0,2.0,396.55555555555554
112.04463396343442,1,2477.6666666666665,5000.0,373.77777777777777,3.0,9.0,2.0,397.44444444444446
93.87199058975979,1,2259.777777777778,5000.0,213.0,4.0,10.0,2.0,395.55555555555554
50.69175791968211,1,1837.111111111111,5000.0,27.333333333333332,4.0,1.0,2.0,398.0
37.67731740601473,1,1870.5555555555557,5000.0,51.55555555555556,4.0,2.0,2.0,397.8888888888889
90.13446744848622,4,2134.6666666666665,5000.0,81.0,4.0,3.0,2.0,397.8333333333333
99.89744741483638,2,2395.0,5000.0,96.125,4.0,4.0,2.0,395.625
61.9695265612238,1,2033.3333333333333,5000.0,122.55555555555556,4.0,5.0,2.0,397.77777777777777
70.85509469646092,1,2099.6666666666665,5000.0,142.44444444444446,4.0,6.0,2.0,394.6666666666667
51.71097263983752,1,2250.4444444444443,5000.0,160.88888888888889,4.0,7.0,2.0,395.77777777777777
63.6950683208289,1,2359.222222222222,5000.0,184.88888888888889,4.0,8.0,2.0,396.3333333333333
90.51212319045689,1,2399.6666666666665,5000.0,203.88888888888889,4.0,9.0,2.0,395.3333333333333
51.865447952929365,1,2302.5555555555557,5000.0,15.0,5.0,1.0,2.0,396.6666666666667
65.26602731121034,1,2347.1111111111113,5000.0,33.0,5.0,2.0,2.0,396.44444444444446
114.82740671692162,1,2464.3333333333335,5000.0,50.77777777777778,5.0,3.0,2.0,396.55555555555554
55.50774157718903,2,1950.125,5000.0,62.375,5.0,4.0,2.0,397.125
80.3602997616222,1,1970.0,5000.0,80.11111111111111,5.0,5.0,2.0,396.8888888888889
80.43139857383564,1,1987.111111111111,5000.0,88.44444444444444,5.0,6.0,2.0,395.3333333333333
61.59685738336148,1,2040.2222222222222,5000.0,110.44444444444444,5.0,7.0,2.0,396.22222222222223
80.54260432287444,1,2061.0,5000.0,119.77777777777777,5.0,8.0,2.0,394.55555555555554
93.21752073960938,1,2089.777777777778,5000.0,130.0,5.0,9.0,2.0,395.55555555555554
60.907945112093365,1,1822.6666666666667,5000.0,10.11111111111111,6.0,1.0,2.0,396.1111111111111
57.543113198220425,1,1882.888888888889,5000.0,20.88888888888889,6.0,2.0,2.0,394.1111111111111
86.89855018751093,1,1916.5555555555557,5000.0,32.888888888888886,6.0,3.0,2.0,396.6666666666667
45.93231735693049,1,1873.0,5000.0,45.0,6.0,4.0,2.0,396.0
64.39883443466357,1,1938.111111111111,5000.0,55.22222222222222,6.0,5.0,2.0,395.6666666666667
36.5050309402775,1,2016.2222222222222,5000.0,66.33333333333333,6.0,6.0,2.0,395.77777777777777
19.938795238317574,1,2138.6666666666665,5000.0,9.666666666666666,7.0,1.0,2.0,395.55555555555554
45.31481103089179,1,1878.111111111111,5000.0,18.444444444444443,7.0,2.0,2.0,396.0
39.098167049961134,1,1858.3333333333333,5000.0,27.88888888888889,7.0,3.0,2.0,395.6666666666667
69.5940610492974,1,1909.6666666666667,5000.0,33.22222222222222,7.0,4.0,2.0,394.55555555555554
57.237307544992014,2,1892.125,5000.0,43.25,7.0,5.0,2.0,394.875
46.10240881738645,1,1858.888888888889,5000.0,51.55555555555556,7.0,6.0,2.0,394.8888888888889
57.28165063962455,2,1969.75,5000.0,57.5,7.0,7.0,2.0,393.25
64.20864427785405,2,1789.5,5000.0,7.875,8.0,1.0,2.0,395.875
37.56607347784979,1,2206.1111111111113,5000.0,14.222222222222221,8.0,2.0,2.0,395.6666666666667
32.09361307176243,1,1784.0,5000.0,20.444444444444443,8.0,3.0,2.0,395.6666666666667
58.724298291904205,1,1818.888888888889,5000.0,26.11111111111111,8.0,4.0,2.0,394.1111111111111
43.516989728860246,1,1817.2222222222222,5000.0,32.44444444444444,8.0,5.0,2.0,395.0
58.82701151639965,1,1883.7777777777778,5000.0,40.44444444444444,8.0,6.0,2.0,395.6666666666667
43.89887368841154,1,1876.3333333333333,5000.0,51.666666666666664,8.0,7.0,2.0,395.1111111111111
44.32066095687565,1,1869.888888888889,5000.0,53.44444444444444,8.0,8.0,2.0,394.22222222222223
43.04003304418393,1,1782.3333333333333,5000.0,5.0,9.0,1.0,2.0,395.22222222222223
39.626341158126706,1,1808.4444444444443,5000.0,11.555555555555555,9.0,2.0,2.0,396.6666666666667
57.65499774895581,1,1873.888888888889,5000.0,18.444444444444443,9.0,3.0,2.0,395.1111111111111
87.47627544330005,1,1812.111111111111,5000.0,22.88888888888889,9.0,4.0,2.0,395.8888888888889
49.39885538734928,1,1774.5555555555557,5000.0,27.444444444444443,9.0,5.0,2.0,395.77777777777777
66.26955802619823,1,1820.888888888889,5000.0,34.0,9.0,6.0,2.0,393.1111111111111
65.23196974293518,1,1830.888888888889,5000.0,38.888888888888886,9.0,7.0,2.0,394.77777777777777
85.48944054352236,1,1840.6666666666667,5000.0,45.0,9.0,8.0,2.0,395.22222222222223
38.87587083697719,1,1841.6666666666667,5000.0,49.888888888888886,9.0,9.0,2.0,395.3333333333333
